Time_s,ADC
0.0,62
0.0,63
0.0,61
0.0,63
0.01,68
0.01,71
0.01,70
0.01,70
0.01,73
0.01,76
0.01,76
0.02,74
0.02,73
0.02,72
0.02,71
0.02,69
0.02,67
0.03,66
0.03,65
0.03,64
0.03,64
0.03,63
0.03,62
0.03,60
0.04,59
0.04,58
0.04,56
0.04,55
0.04,55
0.04,55
0.05,55
0.05,54
0.05,53
0.05,52
0.05,51
0.05,51
0.05,50
0.06,51
0.06,56
0.06,61
0.06,61
0.06,59
0.06,62
0.07,66
0.07,70
0.07,72
0.07,71
0.07,70
0.07,70
0.07,73
0.08,73
0.08,72
0.08,70
0.08,70
0.08,70
0.08,70
0.09,69
0.09,68
0.09,67
0.09,68
0.09,67
0.09,65
0.1,63
0.1,62
0.1,60
0.1,60
0.1,60
0.1,60
0.1,60
0.11,59
0.11,59
0.11,58
0.11,58
0.11,57
0.11,55
0.11,56
0.12,57
0.12,56
0.12,59
0.12,60
0.12,61
0.12,61
0.12,60
0.13,59
0.13,58
0.13,59
0.13,60
0.13,60
0.13,60
0.14,60
0.14,60
0.14,59
0.14,58
0.14,57
0.14,55
0.14,57
0.15,58
0.15,57
0.15,57
0.15,61
0.15,64
0.15,64
0.16,64
0.16,67
0.16,68
0.16,66
0.16,64
0.16,64
0.17,63
0.17,61
0.17,60
0.17,58
0.17,57
0.17,56
0.17,56
0.18,55
0.18,54
0.18,52
0.18,52
0.18,52
0.18,52
0.19,51
0.19,49
0.19,48
0.19,47
0.19,46
0.19,45
0.19,45
0.2,46
0.2,45
0.2,45
0.2,45
0.2,44
0.2,43
0.2,42
0.21,43
0.21,43
0.21,42
0.21,41
0.21,41
0.22,40
0.22,40
0.22,41
0.22,42
0.22,42
0.22,41
0.22,40
0.22,39
0.23,39
0.23,41
0.23,42
0.23,42
0.23,41
0.23,40
0.24,39
0.24,38
0.24,38
0.24,38
0.24,37
0.24,38
0.25,42
0.25,45
0.25,46
0.25,45
0.25,44
0.25,43
0.25,42
0.26,43
0.26,43
0.26,42
0.26,44
0.26,47
0.26,50
0.26,52
0.27,53
0.27,53
0.27,53
0.27,54
0.27,54
0.27,53
0.28,55
0.28,61
0.28,64
0.28,64
0.28,62
0.28,63
0.28,62
0.29,62
0.29,61
0.29,60
0.29,58
0.29,57
0.29,56
0.3,55
0.3,54
0.3,54
0.3,53
0.3,52
0.3,52
0.31,51
0.31,50
0.31,49
0.31,48
0.31,47
0.31,47
0.31,49
0.32,50
0.32,51
0.32,50
0.32,50
0.32,50
0.32,50
0.32,49
0.33,48
0.33,48
0.33,47
0.33,46
0.33,46
0.33,44
0.34,44
0.34,43
0.34,42
0.34,41
0.34,40
0.34,40
0.35,43
0.35,43
0.35,42
0.35,41
0.35,40
0.35,43
0.35,48
0.36,50
0.36,50
0.36,54
0.36,59
0.36,61
0.36,60
0.37,60
0.37,60
0.37,61
0.37,61
0.37,59
0.37,62
0.37,64
0.38,62
0.38,61
0.38,60
0.38,61
0.38,61
0.38,60
0.39,59
0.39,59
0.39,58
0.39,57
0.39,57
0.39,56
0.4,56
0.4,55
0.4,54
0.4,53
0.4,53
0.4,53
0.4,52
0.4,51
0.41,50
0.41,49
0.41,48
0.41,47
0.41,46
0.41,46
0.42,45
0.42,45
0.42,44
0.42,43
0.42,44
0.42,43
0.43,43
0.43,43
0.43,42
0.43,41
0.43,42
0.43,42
0.44,42
0.44,42
0.44,41
0.44,41
0.44,40
0.44,41
0.44,43
0.45,43
0.45,43
0.45,45
0.45,46
0.45,46
0.45,45
0.45,49
0.46,52
0.46,51
0.46,53
0.46,57
0.46,59
0.46,61
0.46,62
0.47,62
0.47,60
0.47,59
0.47,58
0.47,58
0.47,56
0.48,55
0.48,53
0.48,52
0.48,53
0.48,53
0.48,52
0.49,51
0.49,49
0.49,50
0.49,52
0.49,51
0.49,50
0.5,48
0.5,48
0.5,51
0.5,54
0.5,58
0.5,59
0.5,58
0.5,60
0.51,64
0.51,66
0.51,66
0.51,66
0.51,64
0.51,63
0.52,63
0.52,62
0.52,60
0.52,58
0.52,60
0.52,62
0.53,63
0.53,64
0.53,62
0.53,65
0.53,69
0.53,73
0.54,75
0.54,77
0.54,76
0.54,73
0.54,73
0.54,74
0.54,74
0.55,73
0.55,71
0.55,69
0.55,67
0.55,66
0.55,64
0.56,63
0.56,61
0.56,60
0.56,61
0.56,60
0.56,58
0.56,58
0.57,57
0.57,56
0.57,55
0.57,53
0.57,53
0.57,52
0.57,51
0.58,49
0.58,49
0.58,48
0.58,49
0.58,50
0.58,52
0.59,53
0.59,53
0.59,56
0.59,56
0.59,56
0.59,55
0.6,54
0.6,53
0.6,52
0.6,51
0.6,50
0.6,51
0.61,51
0.61,50
0.61,50
0.61,50
0.61,50
0.61,50
0.61,49
0.61,49
0.62,48
0.62,50
0.62,51
0.62,52
0.62,51
0.62,52
0.63,53
0.63,52
0.63,50
0.63,50
0.63,50
0.63,50
0.63,49
0.64,49
0.64,53
0.64,54
0.64,53
0.64,54
0.65,56
0.65,57
0.65,58
0.65,59
0.65,58
0.65,57
0.65,60
0.66,62
0.66,62
0.66,63
0.66,65
0.66,68
0.66,68
0.67,67
0.67,67
0.67,70
0.67,75
0.67,76
0.67,79
0.67,87
0.68,91
0.68,91
0.68,89
0.68,87
0.68,87
0.68,87
0.69,86
0.69,84
0.69,82
0.69,80
0.69,79
0.69,77
0.69,75
0.7,73
0.7,73
0.7,74
0.7,73
0.7,72
0.7,70
0.7,69
0.71,68
0.71,66
0.71,64
0.71,64
0.71,63
0.71,62
0.71,61
0.72,63
0.72,64
0.72,63
0.72,62
0.72,61
0.72,59
0.73,58
0.73,56
0.73,55
0.73,55
0.73,54
0.74,53
0.74,52
0.74,51
0.74,51
0.74,53
0.74,56
0.74,57
0.75,58
0.75,57
0.75,59
0.75,61
0.75,64
0.75,65
0.75,65
0.76,64
0.76,63
0.76,64
0.76,65
0.76,64
0.76,65
0.76,68
0.77,67
0.77,66
0.77,65
0.77,63
0.77,64
0.77,65
0.78,68
0.78,69
0.78,67
0.78,66
0.78,65
0.78,66
0.79,68
0.79,70
0.79,70
0.79,68
0.79,66
0.79,65
0.79,63
0.8,62
0.8,60
0.8,62
0.8,62
0.8,60
0.8,61
0.81,60
0.81,59
0.81,57
0.81,56
0.81,54
0.81,53
0.81,52
0.82,52
0.82,52
0.82,51
0.82,50
0.82,49
0.82,49
0.83,48
0.83,48
0.83,49
0.83,50
0.83,50
0.83,55
0.83,57
0.84,56
0.84,56
0.84,55
0.84,54
0.84,53
0.84,52
0.85,50
0.85,49
0.85,50
0.85,49
0.85,49
0.85,48
0.86,46
0.86,46
0.86,46
0.86,45
0.86,44
0.86,43
0.86,42
0.87,42
0.87,43
0.87,42
0.87,42
0.87,44
0.87,44
0.88,44
0.88,49
0.88,53
0.88,54
0.88,53
0.88,51
0.88,51
0.88,52
0.89,51
0.89,51
0.89,52
0.89,52
0.89,50
0.89,49
0.9,49
0.9,49
0.9,49
0.9,48
0.9,47
0.9,48
0.91,49
0.91,49
0.91,49
0.91,49
0.91,52
0.91,54
0.91,54
0.92,52
0.92,52
0.92,53
0.92,52
0.92,51
0.92,50
0.93,49
0.93,48
0.93,48
0.93,47
0.93,46
0.93,46
0.93,45
0.94,44
0.94,43
0.94,43
0.94,43
0.94,43
0.94,43
0.95,42
0.95,43
0.95,46
0.95,46
0.95,46
0.95,47
0.95,46
0.96,45
0.96,44
0.96,43
0.96,42
0.96,42
0.96,42
0.97,45
0.97,50
0.97,53
0.97,55
0.97,60
0.97,63
0.98,65
0.98,65
0.98,65
0.98,64
0.98,62
0.98,60
0.98,59
0.99,58
0.99,57
0.99,56
0.99,54
0.99,53
0.99,52
1.0,51
1.0,50
1.0,50
1.0,49
1.0,48
1.0,47
1.0,47
1.01,46
1.01,44
1.01,43
1.01,43
1.01,43
1.01,43
1.01,42
1.02,41
1.02,40
1.02,42
1.02,45
1.02,47
1.02,48
1.03,48
1.03,52
1.03,53
1.03,52
1.03,54
1.03,56
1.03,54
1.04,54
1.04,55
1.04,57
1.04,58
1.04,57
1.04,57
1.05,57
1.05,55
1.05,57
1.05,58
1.05,60
1.05,63
1.05,63
1.06,64
1.06,69
1.06,72
1.06,74
1.06,74
1.06,74
1.07,74
1.07,71
1.07,71
1.07,72
1.07,71
1.07,69
1.08,67
1.08,66
1.08,64
1.08,62
1.08,63
1.08,63
1.08,62
1.09,62
1.09,62
1.09,61
1.09,61
1.09,66
1.09,72
1.1,75
1.1,74
1.1,72
1.1,72
1.1,74
1.1,76
1.1,80
1.11,81
1.11,80
1.11,78
1.11,78
1.11,77
1.11,76
1.12,74
1.12,72
1.12,70
1.12,68
1.12,66
1.12,68
1.12,70
1.13,72
1.13,72
1.13,70
1.13,70
1.13,70
1.13,70
1.13,69
1.14,68
1.14,66
1.14,65
1.14,64
1.14,63
1.14,62
1.15,63
1.15,64
1.15,64
1.15,65
1.15,68
1.15,67
1.16,66
1.16,65
1.16,64
1.16,63
1.16,61
1.16,62
1.16,63
1.17,63
1.17,63
1.17,62
1.17,60
1.17,58
1.17,58
1.18,57
1.18,61
1.18,65
1.18,67
1.18,67
1.18,65
1.18,65
1.19,65
1.19,64
1.19,63
1.19,61
1.19,61
1.2,60
1.2,59
1.2,59
1.2,60
1.2,60
1.2,60
1.2,59
1.21,57
1.21,57
1.21,56
1.21,54
1.21,53
1.21,52
1.21,51
1.22,49
1.22,48
1.22,47
1.22,47
1.22,46
1.22,51
1.23,60
1.23,66
1.23,70
1.23,84
1.23,94
1.23,97
1.23,96
1.24,93
1.24,91
1.24,89
1.24,87
1.24,84
1.24,83
1.25,80
1.25,78
1.25,77
1.25,75
1.25,73
1.25,71
1.25,70
1.26,68
1.26,66
1.26,64
1.26,63
1.26,62
1.26,62
1.26,62
1.27,61
1.27,64
1.27,67
1.27,67
1.27,66
1.27,66
1.28,66
1.28,66
1.28,65
1.28,63
1.28,64
1.28,67
1.29,70
1.29,70
1.29,73
1.29,77
1.29,79
1.29,80
1.29,80
1.3,78
1.3,77
1.3,76
1.3,78
1.3,83
1.3,88
1.31,88
1.31,93
1.31,103
1.31,111
1.31,112
1.31,111
1.32,109
1.32,107
1.32,104
1.32,101
1.32,101
1.32,101
1.33,101
1.33,103
1.33,105
1.33,102
1.33,99
1.33,97
1.34,95
1.34,94
1.34,91
1.34,88
1.34,86
1.34,83
1.34,81
1.35,79
1.35,77
1.35,76
1.35,73
1.35,73
1.35,77
1.35,83
1.36,85
1.36,84
1.36,92
1.36,101
1.36,106
1.36,106
1.37,103
1.37,101
1.37,98
1.37,96
1.37,93
1.37,91
1.37,88
1.38,85
1.38,84
1.38,84
1.38,82
1.38,81
1.38,83
1.39,87
1.39,90
1.39,91
1.39,88
1.39,86
1.39,84
1.39,83
1.4,81
1.4,83
1.4,85
1.4,85
1.4,83
1.4,81
1.4,79
1.41,77
1.41,75
1.41,73
1.41,76
1.41,86
1.41,97
1.42,98
1.42,107
1.42,114
1.42,115
1.42,117
1.42,115
1.43,113
1.43,111
1.43,109
1.43,106
1.43,105
1.43,104
1.44,102
1.44,100
1.44,97
1.44,95
1.44,94
1.44,96
1.45,96
1.45,94
1.45,92
1.45,90
1.45,90
1.45,89
1.46,93
1.46,94
1.46,93
1.46,91
1.46,89
1.46,87
1.46,87
1.47,89
1.47,90
1.47,89
1.47,87
1.47,89
1.47,98
1.48,106
1.48,106
1.48,108
1.48,117
1.48,128
1.48,129
1.48,126
1.49,122
1.49,120
1.49,121
1.49,118
1.49,117
1.49,117
1.5,115
1.5,113
1.5,111
1.5,109
1.5,111
1.5,112
1.5,112
1.51,110
1.51,107
1.51,103
1.51,100
1.51,97
1.51,96
1.52,94
1.52,92
1.52,91
1.52,92
1.52,91
1.52,90
1.52,87
1.53,85
1.53,83
1.53,81
1.53,81
1.53,80
1.53,78
1.54,76
1.54,74
1.54,74
1.54,74
1.54,72
1.54,73
1.55,74
1.55,74
1.55,73
1.55,71
1.55,70
1.55,71
1.55,71
1.56,72
1.56,77
1.56,84
1.56,92
1.56,96
1.56,95
1.57,104
1.57,113
1.57,117
1.57,118
1.57,119
1.57,119
1.58,120
1.58,120
1.58,117
1.58,113
1.58,111
1.58,112
1.59,112
1.59,112
1.59,109
1.59,111
1.59,114
1.59,114
1.6,113
1.6,114
1.6,119
1.6,122
1.6,123
1.6,119
1.6,117
1.61,116
1.61,114
1.61,110
1.61,108
1.61,107
1.61,104
1.61,101
1.62,100
1.62,104
1.62,109
1.62,109
1.62,106
1.63,102
1.63,101
1.63,102
1.63,101
1.63,101
1.63,103
1.63,103
1.64,100
1.64,100
1.64,98
1.64,100
1.64,102
1.64,100
1.65,102
1.65,106
1.65,105
1.65,107
1.65,113
1.65,117
1.65,118
1.66,114
1.66,112
1.66,110
1.66,108
1.66,105
1.66,105
1.67,105
1.67,107
1.67,105
1.67,105
1.67,108
1.67,114
1.68,119
1.68,118
1.68,122
1.68,132
1.68,142
1.68,148
1.69,151
1.69,149
1.69,149
1.69,146
1.69,145
1.69,141
1.7,137
1.7,135
1.7,134
1.7,136
1.7,137
1.7,139
1.7,139
1.71,136
1.71,132
1.71,129
1.71,125
1.71,122
1.72,120
1.72,118
1.72,117
1.72,115
1.72,115
1.72,112
1.72,109
1.73,109
1.73,106
1.73,103
1.73,100
1.73,99
1.73,103
1.74,107
1.74,108
1.74,105
1.74,101
1.74,99
1.74,103
1.74,108
1.75,105
1.75,105
1.75,103
1.75,102
1.75,103
1.75,110
1.76,111
1.76,113
1.76,112
1.76,111
1.76,114
1.76,116
1.77,118
1.77,121
1.77,121
1.77,119
1.77,116
1.77,118
1.77,123
1.78,124
1.78,124
1.78,122
1.78,127
1.78,136
1.78,145
1.79,149
1.79,149
1.79,144
1.79,140
1.79,137
1.79,133
1.8,129
1.8,125
1.8,125
1.8,124
1.8,120
1.8,119
1.81,119
1.81,116
1.81,115
1.81,117
1.81,120
1.81,121
1.82,122
1.82,123
1.82,123
1.82,122
1.82,120
1.82,116
1.82,118
1.83,124
1.83,124
1.83,126
1.83,126
1.83,130
1.84,131
1.84,129
1.84,125
1.84,121
1.84,118
1.84,119
1.84,121
1.85,122
1.85,123
1.85,122
1.85,120
1.85,120
1.85,117
1.86,115
1.86,112
1.86,109
1.86,106
1.86,104
1.86,103
1.86,101
1.87,101
1.87,99
1.87,100
1.87,103
1.87,104
1.87,101
1.88,100
1.88,97
1.88,95
1.88,96
1.88,104
1.88,108
1.88,107
1.89,106
1.89,107
1.89,106
1.89,105
1.89,104
1.9,102
1.9,99
1.9,98
1.9,97
1.9,96
1.9,94
1.9,92
1.9,90
1.91,87
1.91,85
1.91,84
1.91,87
1.91,89
1.91,88
1.92,93
1.92,98
1.92,98
1.92,98
1.92,99
1.92,97
1.93,94
1.93,97
1.93,100
1.93,101
1.93,103
1.93,106
1.93,106
1.94,108
1.94,111
1.94,109
1.94,111
1.94,114
1.95,115
1.95,112
1.95,109
1.95,106
1.95,105
1.95,109
1.95,112
1.96,109
1.96,106
1.96,104
1.96,104
1.96,101
1.97,99
1.97,102
1.97,103
1.97,103
1.97,101
1.97,99
1.97,96
1.98,94
1.98,91
1.98,89
1.98,94
1.98,102
1.98,102
1.98,100
1.99,97
1.99,97
1.99,102
1.99,113
1.99,122
1.99,124
2.0,128
2.0,150
2.0,169
2.0,166
2.0,177
2.0,194
2.01,205
2.01,208
2.01,208
2.01,206
2.01,201
2.01,198
2.02,195
2.02,191
2.02,186
2.02,182
2.02,177
2.02,171
2.02,167
2.03,170
2.03,174
2.03,181
2.03,178
2.03,181
2.03,191
2.04,195
2.04,196
2.04,192
2.04,187
2.04,182
2.04,178
2.05,177
2.05,174
2.05,170
2.05,166
2.05,161
2.05,160
2.06,158
2.06,153
2.06,152
2.06,150
2.06,149
2.06,152
2.06,150
2.07,152
2.07,156
2.07,159
2.07,155
2.07,153
2.07,158
2.08,154
2.08,151
2.08,147
2.08,150
2.08,155
2.08,158
2.09,158
2.09,157
2.09,152
2.09,149
2.09,146
2.09,142
2.1,143
2.1,143
2.1,140
2.1,149
2.1,162
2.1,167
2.1,163
2.11,161
2.11,156
2.11,155
2.11,155
2.11,158
2.11,162
2.12,164
2.12,163
2.12,160
2.12,156
2.12,160
2.12,164
2.13,160
2.13,162
2.13,167
2.13,168
2.13,172
2.13,174
2.14,172
2.14,169
2.14,166
2.14,172
2.14,170
2.14,175
2.14,179
2.15,176
2.15,173
2.15,184
2.15,192
2.15,204
2.15,212
2.16,213
2.16,212
2.16,209
2.16,205
2.16,203
2.16,204
2.17,198
2.17,195
2.17,196
2.17,202
2.17,203
2.17,197
2.17,192
2.18,185
2.18,179
2.18,174
2.18,168
2.18,164
2.18,164
2.19,167
2.19,169
2.19,166
2.19,162
2.19,160
2.19,155
2.2,150
2.2,150
2.2,151
2.2,148
2.2,151
2.2,158
2.21,159
2.21,156
2.21,155
2.21,155
2.21,152
2.21,151
2.21,155
2.22,155
2.22,150
2.22,147
2.22,149
2.22,148
2.23,143
2.23,141
2.23,141
2.23,144
2.23,142
2.23,139
2.23,136
2.24,134
2.24,138
2.24,139
2.24,136
2.24,134
2.24,130
2.25,126
2.25,123
2.25,125
2.25,127
2.25,124
2.25,126
2.25,128
2.26,130
2.26,130
2.26,126
2.26,123
2.26,119
2.27,118
2.27,115
2.27,114
2.27,115
2.27,113
2.27,113
2.27,112
2.28,112
2.28,118
2.28,122
2.28,120
2.28,119
2.28,121
2.29,119
2.29,117
2.29,120
2.29,119
2.29,115
2.29,112
2.29,109
2.3,108
2.3,107
2.3,106
2.3,104
2.3,103
2.31,100
2.31,101
2.31,105
2.31,105
2.31,103
2.31,104
2.31,105
2.32,105
2.32,102
2.32,102
2.32,101
2.32,102
2.32,101
2.33,99
2.33,98
2.33,101
2.33,99
2.33,102
2.33,106
2.33,110
2.34,107
2.34,110
2.34,108
2.34,105
2.34,106
2.34,104
2.35,106
2.35,107
2.35,107
2.35,110
2.35,108
2.35,108
2.36,114
2.36,123
2.36,124
2.36,123
2.36,121
2.36,120
2.37,123
2.37,122
2.37,119
2.37,116
2.37,116
2.37,113
2.37,110
2.38,106
2.38,103
2.38,100
2.38,96
2.38,96
2.38,94
2.39,93
2.39,91
2.39,91
2.39,90
2.39,88
2.39,88
2.4,87
2.4,89
2.4,91
2.4,89
2.4,90
2.4,96
2.4,96
2.41,94
2.41,93
2.41,91
2.41,90
2.41,89
2.41,87
2.42,85
2.42,83
2.42,81
2.42,79
2.42,77
2.42,82
2.42,83
2.43,87
2.43,100
2.43,103
2.43,111
2.43,129
2.43,139
2.44,140
2.44,138
2.44,134
2.44,130
2.44,128
2.44,124
2.45,121
2.45,122
2.45,120
2.45,116
2.45,113
2.45,111
2.46,109
2.46,106
2.46,104
2.46,102
2.46,100
2.46,99
2.46,97
2.47,95
2.47,92
2.47,90
2.47,88
2.47,88
2.47,91
2.48,92
2.48,90
2.48,87
2.48,85
2.48,84
2.48,82
2.48,82
2.49,88
2.49,93
2.49,92
2.49,103
2.49,109
2.49,109
2.5,107
2.5,104
2.5,101
2.5,98
2.5,95
2.5,95
2.5,97
2.51,96
2.51,96
2.51,110
2.51,120
2.51,119
2.51,120
2.52,125
2.52,131
2.52,132
2.52,131
2.52,128
2.52,125
2.53,122
2.53,121
2.53,122
2.53,119
2.53,116
2.53,123
2.54,130
2.54,128
2.54,130
2.54,129
2.54,131
2.54,128
2.54,124
2.55,123
2.55,119
2.55,116
2.55,114
2.55,112
2.55,109
2.56,110
2.56,112
2.56,114
2.56,112
2.56,111
2.56,112
2.57,109
2.57,107
2.57,105
2.57,104
2.57,102
2.57,103
2.58,101
2.58,102
2.58,102
2.58,100
2.58,98
2.58,96
2.58,96
2.59,94
2.59,92
2.59,90
2.59,88
2.59,86
2.59,84
2.6,83
2.6,81
2.6,80
2.6,79
2.6,78
2.6,76
2.61,74
2.61,74
2.61,75
2.61,79
2.61,83
2.61,82
2.61,89
2.62,95
2.62,98
2.62,97
2.62,96
2.62,95
2.62,92
2.63,89
2.63,87
2.63,86
2.63,84
2.63,84
2.63,82
2.63,80
2.64,81
2.64,80
2.64,80
2.64,86
2.64,89
2.64,86
2.64,85
2.65,85
2.65,82
2.65,81
2.65,81
2.65,82
2.65,87
2.66,91
2.66,89
2.66,92
2.66,96
2.66,99
2.66,98
2.67,97
2.67,98
2.67,97
2.67,94
2.67,94
2.67,95
2.67,95
2.68,94
2.68,94
2.68,95
2.68,94
2.68,98
2.68,101
2.69,98
2.69,102
2.69,105
2.69,104
2.69,101
2.69,99
2.7,100
2.7,100
2.7,97
2.7,98
2.7,101
2.7,100
2.7,102
2.71,100
2.71,102
2.71,101
2.71,99
2.71,103
2.71,100
2.72,103
2.72,103
2.72,108
2.72,106
2.72,102
2.72,101
2.72,100
2.73,98
2.73,100
2.73,102
2.73,106
2.73,106
2.74,104
2.74,102
2.74,103
2.74,104
2.74,103
2.74,102
2.74,101
2.75,98
2.75,96
2.75,93
2.75,91
2.75,88
2.75,87
2.76,89
2.76,91
2.76,89
2.76,87
2.76,86
2.76,85
2.76,84
2.77,85
2.77,84
2.77,83
2.77,83
2.77,84
2.77,83
2.78,87
2.78,89
2.78,87
2.78,86
2.78,87
2.78,88
2.78,88
2.79,87
2.79,85
2.79,85
2.79,87
2.79,89
2.79,87
2.8,86
2.8,83
2.8,82
2.8,81
2.8,80
2.8,78
2.8,76
2.81,74
2.81,72
2.81,72
2.81,71
2.81,70
2.81,68
2.82,66
2.82,65
2.82,64
2.82,62
2.82,63
2.82,72
2.83,77
2.83,75
2.83,76
2.83,77
2.83,75
2.83,74
2.83,73
2.84,73
2.84,74
2.84,75
2.84,75
2.84,81
2.84,91
2.84,94
2.85,97
2.85,102
2.85,102
2.85,100
2.85,99
2.85,101
2.86,101
2.86,99
2.86,97
2.86,97
2.86,96
2.86,93
2.87,91
2.87,88
2.87,87
2.87,86
2.87,85
2.87,83
2.87,81
2.88,79
2.88,77
2.88,78
2.88,77
2.88,76
2.88,74
2.89,72
2.89,71
2.89,69
2.89,67
2.89,65
2.89,64
2.89,62
2.9,62
2.9,69
2.9,74
2.9,72
2.9,74
2.9,75
2.91,75
2.91,74
2.91,72
2.91,70
2.91,68
2.91,67
2.92,65
2.92,64
2.92,66
2.92,67
2.92,66
2.92,65
2.92,64
2.93,64
2.93,63
2.93,62
2.93,62
2.93,60
2.93,59
2.93,57
2.94,55
2.94,54
2.94,56
2.94,62
2.94,65
2.94,64
2.95,64
2.95,64
2.95,65
2.95,65
2.95,63
2.95,64
2.96,66
2.96,70
2.96,73
2.96,75
2.96,79
2.96,79
2.96,77
2.97,78
2.97,76
2.97,74
2.97,73
2.97,73
2.97,72
2.98,70
2.98,69
2.98,68
2.98,67
2.98,65
2.98,64
2.98,66
2.98,70
2.99,72
2.99,75
2.99,76
2.99,75
2.99,73
3.0,72
3.0,71
3.0,69
3.0,67
3.0,65
3.0,64
3.0,63
3.01,62
3.01,62
3.01,62
3.01,60
3.01,60
3.01,59
3.02,59
3.02,59
3.02,58
3.02,62
3.02,67
3.02,68
3.02,67
3.03,69
3.03,79
3.03,89
3.03,95
3.03,97
3.03,97
3.04,97
3.04,95
3.04,94
3.04,95
3.04,96
3.04,96
3.04,95
3.05,93
3.05,92
3.05,91
3.05,92
3.05,93
3.05,94
3.06,92
3.06,95
3.06,96
3.06,98
3.06,108
3.06,113
3.06,111
3.07,116
3.07,120
3.07,122
3.07,120
3.07,117
3.07,116
3.08,113
3.08,110
3.08,107
3.08,103
3.08,101
3.08,100
3.09,98
3.09,97
3.09,95
3.09,96
3.09,97
3.09,96
3.09,94
3.1,92
3.1,89
3.1,87
3.1,85
3.1,84
3.1,83
3.11,82
3.11,83
3.11,83
3.11,85
3.11,84
3.11,84
3.12,86
3.12,90
3.12,93
3.12,98
3.12,106
3.12,112
3.12,115
3.13,114
3.13,126
3.13,140
3.13,145
3.13,148
3.13,152
3.14,149
3.14,149
3.14,145
3.14,142
3.14,138
3.14,134
3.14,130
3.15,126
3.15,123
3.15,123
3.15,122
3.15,120
3.15,117
3.16,117
3.16,123
3.16,127
3.16,125
3.16,122
3.16,123
3.17,123
3.17,121
3.17,119
3.17,118
3.17,117
3.17,115
3.18,112
3.18,109
3.18,106
3.18,104
3.18,101
3.18,99
3.19,96
3.19,94
3.19,92
3.19,89
3.19,86
3.19,86
3.19,98
3.2,114
3.2,117
3.2,120
3.2,130
3.2,136
3.2,137
3.21,136
3.21,132
3.21,128
3.21,125
3.21,124
3.21,124
3.22,122
3.22,123
3.22,127
3.22,126
3.22,128
3.22,132
3.22,133
3.23,129
3.23,125
3.23,122
3.23,118
3.23,114
3.23,112
3.24,110
3.24,108
3.24,104
3.24,104
3.24,107
3.24,111
3.25,110
3.25,108
3.25,112
3.25,122
3.25,129
3.25,127
3.26,126
3.26,125
3.26,123
3.26,122
3.26,123
3.26,126
3.26,129
3.27,126
3.27,122
3.27,121
3.27,121
3.27,120
3.27,116
3.28,113
3.28,113
3.28,117
3.28,117
3.28,118
3.28,122
3.29,123
3.29,121
3.29,118
3.29,117
3.29,117
3.29,114
3.3,111
3.3,109
3.3,105
3.3,102
3.3,102
3.3,103
3.3,100
3.31,99
3.31,97
3.31,95
3.31,98
3.31,98
3.31,99
3.32,99
3.32,97
3.32,95
3.32,92
3.32,89
3.32,88
3.32,90
3.33,92
3.33,92
3.33,90
3.33,88
3.33,86
3.33,84
3.34,81
3.34,81
3.34,80
3.34,79
3.34,81
3.34,82
3.35,80
3.35,78
3.35,79
3.35,79
3.35,77
3.35,75
3.35,73
3.36,72
3.36,72
3.36,72
3.36,72
3.36,70
3.36,69
3.36,69
3.37,70
3.37,69
3.37,68
3.37,66
3.37,65
3.38,65
3.38,65
3.38,66
3.38,67
3.38,66
3.38,64
3.38,63
3.39,61
3.39,59
3.39,60
3.39,62
3.39,62
3.39,62
3.39,61
3.4,60
3.4,61
3.4,65
3.4,66
3.4,65
3.4,64
3.41,63
3.41,63
3.41,66
3.41,69
3.41,71
3.41,71
3.42,73
3.42,77
3.42,79
3.42,79
3.42,78
3.42,77
3.42,76
3.43,75
3.43,78
3.43,86
3.43,89
3.43,87
3.43,92
3.43,98
3.44,103
3.44,106
3.44,104
3.44,101
3.44,100
3.44,99
3.45,97
3.45,96
3.45,94
3.45,92
3.45,89
3.45,87
3.45,86
3.46,83
3.46,80
3.46,78
3.46,76
3.46,74
3.46,72
3.47,70
3.47,69
3.47,67
3.47,65
3.47,64
3.47,65
3.48,65
3.48,64
3.48,63
3.48,61
3.48,60
3.48,59
3.48,58
3.49,56
3.49,55
3.49,55
3.49,56
3.49,57
3.49,59
3.5,61
3.5,62
3.5,60
3.5,61
3.5,62
3.5,61
3.51,61
3.51,64
3.51,67
3.51,66
3.51,64
3.51,64
3.51,66
3.52,68
3.52,68
3.52,70
3.52,78
3.52,81
3.52,80
3.52,78
3.53,76
3.53,76
3.53,79
3.53,82
3.53,81
3.53,80
3.54,82
3.54,82
3.54,81
3.54,80
3.54,80
3.54,78
3.55,76
3.55,74
3.55,73
3.55,75
3.55,74
3.55,75
3.55,73
3.56,75
3.56,76
3.56,75
3.56,76
3.56,76
3.56,74
3.57,72
3.57,70
3.57,69
3.57,69
3.57,67
3.57,67
3.57,67
3.58,68
3.58,66
3.58,64
3.58,63
3.58,62
3.58,63
3.59,62
3.59,61
3.59,66
3.59,76
3.59,78
3.59,78
3.59,83
3.6,86
3.6,87
3.6,86
3.6,85
3.6,83
3.6,80
3.61,79
3.61,80
3.61,81
3.61,81
3.61,81
3.61,81
3.61,79
3.62,77
3.62,75
3.62,74
3.62,74
3.62,73
3.62,71
3.63,69
3.63,68
3.63,66
3.63,65
3.63,63
3.63,63
3.64,62
3.64,62
3.64,63
3.64,65
3.64,63
3.64,65
3.64,65
3.65,64
3.65,62
3.65,61
3.65,59
3.65,58
3.65,58
3.65,59
3.66,63
3.66,67
3.66,66
3.66,65
3.66,65
3.66,65
3.67,66
3.67,68
3.67,68
3.67,67
3.67,66
3.67,65
3.68,65
3.68,65
3.68,65
3.68,64
3.68,62
3.68,61
3.68,59
3.69,58
3.69,57
3.69,58
3.69,59
3.69,58
3.69,56
3.7,57
3.7,61
3.7,63
3.7,63
3.7,63
3.7,64
3.7,64
3.71,64
3.71,66
3.71,65
3.71,65
3.71,66
3.71,66
3.72,66
3.72,66
3.72,65
3.72,63
3.72,61
3.72,61
3.72,61
3.73,62
3.73,64
3.73,66
3.73,65
3.73,63
3.73,64
3.74,64
3.74,63
3.74,62
3.74,60
3.74,59
3.74,58
3.74,58
3.75,58
3.75,57
3.75,56
3.75,55
3.75,58
3.75,60
3.76,60
3.76,58
3.76,59
3.76,60
3.76,59
3.76,57
3.77,57
3.77,56
3.77,55
3.77,54
3.77,53
3.77,53
3.77,54
3.78,62
3.78,68
3.78,69
3.78,69
3.78,73
3.78,76
3.78,76
3.79,75
3.79,73
3.79,72
3.79,71
3.79,70
3.79,69
3.8,69
3.8,68
3.8,66
3.8,64
3.8,63
3.8,63
3.81,65
3.81,69
3.81,69
3.81,67
3.81,67
3.81,68
3.81,69
3.82,68
3.82,66
3.82,65
3.82,63
3.82,63
3.82,62
3.83,63
3.83,66
3.83,67
3.83,67
3.83,65
3.83,65
3.83,64
3.84,63
3.84,63
3.84,61
3.84,62
3.84,62
3.84,62
3.85,61
3.85,62
3.85,62
3.85,60
3.85,60
3.85,62
3.85,62
3.86,61
3.86,62
3.86,61
3.86,60
3.86,60
3.86,61
3.87,60
3.87,59
3.87,57
3.87,57
3.87,57
3.87,56
3.87,55
3.88,54
3.88,54
3.88,53
3.88,53
3.88,52
3.88,51
3.89,52
3.89,51
3.89,50
3.89,50
3.89,49
3.89,48
3.9,48
3.9,50
3.9,50
3.9,49
3.9,48
3.9,49
3.9,48
3.91,49
3.91,53
3.91,55
3.91,54
3.91,53
3.91,52
3.91,50
3.92,50
3.92,49
3.92,48
3.92,48
3.92,47
3.92,47
3.93,48
3.93,50
3.93,52
3.93,51
3.93,50
3.93,49
3.94,49
3.94,47
3.94,47
3.94,47
3.94,49
3.94,52
3.94,54
3.95,53
3.95,54
3.95,56
3.95,56
3.95,55
3.95,57
3.96,61
3.96,62
3.96,61
3.96,61
3.96,62
3.96,62
3.96,63
3.97,63
3.97,62
3.97,61
3.97,60
3.97,59
3.97,58
3.98,57
3.98,57
3.98,57
3.98,57
3.98,56
3.98,54
3.98,53
3.99,52
3.99,51
3.99,51
3.99,51
3.99,51
3.99,51
4.0,54
4.0,59
4.0,61
4.0,60
4.0,61
4.0,64
4.0,63
4.01,63
4.01,63
4.01,61
4.01,60
4.01,59
4.01,59
4.01,57
4.02,56
4.02,55
4.02,55
4.02,55
4.02,56
4.03,55
4.03,53
4.03,53
4.03,52
4.03,51
4.03,50
4.03,52
4.03,54
4.04,54
4.04,53
4.04,53
4.04,52
4.04,53
4.04,53
4.05,53
4.05,52
4.05,51
4.05,49
4.05,48
4.05,47
4.06,48
4.06,51
4.06,54
4.06,55
4.06,53
4.06,52
4.07,52
4.07,51
4.07,51
4.07,50
4.07,49
4.07,48
4.07,49
4.07,50
4.08,52
4.08,52
4.08,51
4.08,53
4.08,54
4.08,52
4.09,51
4.09,50
4.09,51
4.09,50
4.09,49
4.09,49
4.1,48
4.1,47
4.1,46
4.1,45
4.1,44
4.1,43
4.11,43
4.11,42
4.11,42
4.11,42
4.11,40
4.11,41
4.11,40
4.11,40
4.12,39
4.12,38
4.12,38
4.12,38
4.12,38
4.12,39
4.13,41
4.13,46
4.13,48
4.13,48
4.13,48
4.13,50
4.14,51
4.14,50
4.14,49
4.14,50
4.14,49
4.14,48
4.15,47
4.15,46
4.15,45
4.15,45
4.15,45
4.15,44
4.15,43
4.16,42
4.16,42
4.16,41
4.16,41
4.16,41
4.16,41
4.17,40
4.17,40
4.17,39
4.17,38
4.17,38
4.17,38
4.17,37
4.18,36
4.18,36
4.18,39
4.18,40
4.18,39
4.18,40
4.19,41
4.19,41
4.19,40
4.19,41
4.19,43
4.19,47
4.2,52
4.2,54
4.2,53
4.2,57
4.2,62
4.2,65
4.2,65
4.21,64
4.21,63
4.21,63
4.21,63
4.21,62
4.21,61
4.21,59
4.22,58
4.22,57
4.22,55
4.22,54
4.22,53
4.22,53
4.23,52
4.23,51
4.23,51
4.23,51
4.23,50
4.23,49
4.24,48
4.24,48
4.24,47
4.24,46
4.24,47
4.24,48
4.24,49
4.25,51
4.25,50
4.25,50
4.25,50
4.25,49
4.25,48
4.26,49
4.26,52
4.26,51
4.26,51
4.26,49
4.26,48
4.26,47
4.26,47
4.27,46
4.27,46
4.27,46
4.27,45
4.27,46
4.28,46
4.28,47
4.28,47
4.28,48
4.28,47
4.28,45
4.28,44
4.29,44
4.29,44
4.29,46
4.29,48
4.29,48
4.29,48
4.3,48
4.3,48
4.3,48
4.3,49
4.3,48
4.3,48
4.3,48
4.3,49
4.31,48
4.31,47
4.31,47
4.31,46
4.31,45
4.32,44
4.32,44
4.32,43
4.32,43
4.32,44
4.32,45
4.32,46
4.33,45
4.33,44
4.33,44
4.33,47
4.33,50
4.33,51
4.34,49
4.34,48
4.34,48
4.34,50
4.34,51
4.34,52
4.34,54
4.35,55
4.35,54
4.35,53
4.35,54
4.35,56
4.35,55
4.36,54
4.36,56
4.36,58
4.36,58
4.36,57
4.36,55
4.36,54
4.37,52
4.37,51
4.37,50
4.37,49
4.37,51
4.37,54
4.38,57
4.38,56
4.38,55
4.38,56
4.38,58
4.38,58
4.38,58
4.39,57
4.39,56
4.39,55
4.39,55
4.39,54
4.4,54
4.4,54
4.4,52
4.4,51
4.4,50
4.4,49
4.4,48
4.41,47
4.41,47
4.41,47
4.41,47
4.41,47
4.41,47
4.41,46
4.42,44
4.42,44
4.42,46
4.42,49
4.42,52
4.42,53
4.43,53
4.43,56
4.43,60
4.43,61
4.43,61
4.43,61
4.43,60
4.44,59
4.44,57
4.44,56
4.44,56
4.44,57
4.44,58
4.45,59
4.45,58
4.45,58
4.45,57
4.45,58
4.45,56
4.45,55
4.46,55
4.46,56
4.46,57
4.46,57
4.46,57
4.46,56
4.47,56
4.47,56
4.47,54
4.47,53
4.47,52
4.47,54
4.47,56
4.48,63
4.48,70
4.48,71
4.48,71
4.48,75
4.48,78
4.49,79
4.49,81
4.49,82
4.49,80
4.49,78
4.49,76
4.5,76
4.5,74
4.5,72
4.5,70
4.5,68
4.5,67
4.5,65
4.51,64
4.51,65
4.51,65
4.51,65
4.51,64
4.51,64
4.51,62
4.52,61
4.52,60
4.52,58
4.52,57
4.52,55
4.52,55
4.53,54
4.53,53
4.53,52
4.53,50
4.53,52
4.53,52
4.53,51
4.54,50
4.54,48
4.54,48
4.54,48
4.54,47
4.54,46
4.55,45
4.55,44
4.55,44
4.55,44
4.55,43
4.55,42
4.55,41
4.56,42
4.56,42
4.56,41
4.56,42
4.56,42
4.56,41
4.57,40
4.57,39
4.57,39
4.57,38
4.57,37
4.57,38
4.57,38
4.58,39
4.58,41
4.58,42
4.58,44
4.58,43
4.58,43
4.59,43
4.59,44
4.59,44
4.59,44
4.59,42
4.59,41
4.59,42
4.6,42
4.6,43
4.6,42
4.6,41
4.6,45
4.6,47
4.61,47
4.61,46
4.61,45
4.61,44
4.61,45
4.61,44
4.62,43
4.62,42
4.62,42
4.62,40
4.62,40
4.62,41
4.63,44
4.63,45
4.63,46
4.63,45
4.63,44
4.63,44
4.63,44
4.64,44
4.64,44
4.64,43
4.64,43
4.64,43
4.64,44
4.64,47
4.65,48
4.65,47
4.65,47
4.65,48
4.65,47
4.65,47
4.66,47
4.66,45
4.66,45
4.66,44
4.66,43
4.66,41
4.67,41
4.67,40
4.67,39
4.67,38
4.67,37
4.67,38
4.67,41
4.68,45
4.68,48
4.68,48
4.68,48
4.68,47
4.68,49
4.69,51
4.69,54
4.69,55
4.69,54
4.69,55
4.69,58
4.7,59
4.7,58
4.7,58
4.7,58
4.7,58
4.7,58
4.7,57
4.71,55
4.71,55
4.71,55
4.71,54
4.71,54
4.71,53
4.71,51
4.72,51
4.72,50
4.72,49
4.72,48
4.72,49
4.72,51
4.73,51
4.73,50
4.73,50
4.73,50
4.73,49
4.73,50
4.73,54
4.74,58
4.74,60
4.74,59
4.74,57
4.74,56
4.74,55
4.75,55
4.75,55
4.75,54
4.75,53
4.75,52
4.75,52
4.76,51
4.76,50
4.76,49
4.76,48
4.76,47
4.76,46
4.76,45
4.76,44
4.77,44
4.77,43
4.77,42
4.77,41
4.77,42
4.77,42
4.78,42
4.78,42
4.78,42
4.78,41
4.78,40
4.78,40
4.79,42
4.79,44
4.79,43
4.79,43
4.79,44
4.79,44
4.8,42
4.8,44
4.8,47
4.8,51
4.8,51
4.8,50
4.8,49
4.81,48
4.81,50
4.81,51
4.81,52
4.81,53
4.81,52
4.82,51
4.82,51
4.82,50
4.82,48
4.82,48
4.82,47
4.82,47
4.83,46
4.83,47
4.83,46
4.83,46
4.83,46
4.83,45
4.84,46
4.84,48
4.84,51
4.84,51
4.84,51
4.84,53
4.84,55
4.85,55
4.85,55
4.85,55
4.85,54
4.85,53
4.85,51
4.86,52
4.86,53
4.86,54
4.86,52
4.86,51
4.86,50
4.86,50
4.87,50
4.87,49
4.87,48
4.87,47
4.87,46
4.87,47
4.88,48
4.88,49
4.88,51
4.88,51
4.88,50
4.88,50
4.89,50
4.89,50
4.89,49
4.89,48
4.89,47
4.89,47
4.89,46
4.9,45
4.9,44
4.9,43
4.9,42
4.9,41
4.9,41
4.9,40
4.91,39
4.91,40
4.91,42
4.91,46
4.91,49
4.91,49
4.92,50
4.92,52
4.92,52
4.92,52
4.92,52
4.92,51
4.93,50
4.93,49
4.93,48
4.93,48
4.93,47
4.93,46
4.93,46
4.94,46
4.94,45
4.94,44
4.94,44
4.94,45
4.94,47
4.95,49
4.95,49
4.95,48
4.95,50
4.95,51
4.95,50
4.96,49
4.96,48
4.96,48
4.96,48
4.96,48
4.96,48
4.96,47
4.97,46
4.97,45
4.97,45
4.97,45
4.97,48
4.97,49
4.97,48
4.98,48
4.98,48
4.98,47
4.98,46
4.98,45
4.98,45
4.99,49
4.99,51
4.99,50
4.99,49
4.99,51
4.99,53
5.0,54
5.0,53
5.0,53
5.0,53
5.0,52
5.0,51
5.0,49
5.01,49
5.01,49
5.01,49
5.01,49
5.01,50
5.01,51
5.01,50
5.02,50
5.02,52
5.02,51
5.02,50
5.02,49
5.02,49
5.03,49
5.03,48
5.03,48
5.03,47
5.03,47
5.03,47
5.03,47
5.04,46
5.04,46
5.04,45
5.04,46
5.04,48
5.04,50
5.05,52
5.05,53
5.05,55
5.05,58
5.05,56
5.05,59
5.05,64
5.06,66
5.06,66
5.06,66
5.06,64
5.06,62
5.06,60
5.07,59
5.07,58
5.07,56
5.07,55
5.07,54
5.07,54
5.07,54
5.08,54
5.08,53
5.08,53
5.08,52
5.08,51
5.08,50
5.09,49
5.09,47
5.09,47
5.09,47
5.09,47
5.09,47
5.09,47
5.1,46
5.1,44
5.1,44
5.1,43
5.1,42
5.1,41
5.11,43
5.11,46
5.11,46
5.11,45
5.11,47
5.11,48
5.11,49
5.12,47
5.12,48
5.12,50
5.12,50
5.12,48
5.13,48
5.13,50
5.13,51
5.13,50
5.13,49
5.13,48
5.13,47
5.14,46
5.14,44
5.14,44
5.14,44
5.14,45
5.14,44
5.14,45
5.15,45
5.15,44
5.15,43
5.15,42
5.15,42
5.15,42
5.16,41
5.16,41
5.16,42
5.16,43
5.16,44
5.16,45
5.17,44
5.17,43
5.17,43
5.17,45
5.17,46
5.17,45
5.17,45
5.18,47
5.18,45
5.18,45
5.18,43
5.18,44
5.18,45
5.19,45
5.19,44
5.19,43
5.19,43
5.19,43
5.19,44
5.19,45
5.2,46
5.2,45
5.2,44
5.2,44
5.2,44
5.2,43
5.2,42
5.21,43
5.21,42
5.21,42
5.21,42
5.21,43
5.21,43
5.22,42
5.22,41
5.22,41
5.22,42
5.22,41
5.22,41
5.23,40
5.23,40
5.23,39
5.23,38
5.23,38
5.23,40
5.23,40
5.24,40
5.24,39
5.24,38
5.24,37
5.24,37
5.24,36
5.25,36
5.25,35
5.25,35
5.25,34
5.25,33
5.25,33
5.26,32
5.26,32
5.26,31
5.26,31
5.26,30
5.26,29
5.26,29
5.26,29
5.27,28
5.27,28
5.27,28
5.27,28
5.27,29
5.27,30
5.28,30
5.28,29
5.28,29
5.28,29
5.28,29
5.28,29
5.28,29
5.29,28
5.29,28
5.29,29
5.29,30
5.29,31
5.3,31
5.3,32
5.3,31
5.3,31
5.3,31
5.3,31
5.3,30
5.3,30
5.31,31
5.31,33
5.31,33
5.31,33
5.31,33
5.32,32
5.32,32
5.32,32
5.32,31
5.32,32
5.32,33
5.32,35
5.32,35
5.33,36
5.33,38
5.33,40
5.33,42
5.33,43
5.34,43
5.34,42
5.34,41
5.34,42
5.34,44
5.34,45
5.34,46
5.35,46
5.35,45
5.35,45
5.35,45
5.35,44
5.35,43
5.36,43
5.36,42
5.36,42
5.36,41
5.36,42
5.36,42
5.36,43
5.36,43
5.37,43
5.37,42
5.37,42
5.37,43
5.37,43
5.37,42
5.38,41
5.38,40
5.38,40
5.38,39
5.38,38
5.39,37
5.39,37
5.39,36
5.39,35
5.39,36
5.39,37
5.39,38
5.4,41
5.4,42
5.4,41
5.4,43
5.4,45
5.4,44
5.4,44
5.41,44
5.41,42
5.41,42
5.41,41
5.41,41
5.41,40
5.42,40
5.42,39
5.42,38
5.42,37
5.42,37
5.42,37
5.43,36
5.43,38
5.43,39
5.43,41
5.43,41
5.43,40
5.43,39
5.44,40
5.44,39
5.44,38
5.44,38
5.44,37
5.44,37
5.44,36
5.45,36
5.45,35
5.45,36
